"","Estimate","SE"
"int_per",-22496.7341525295,98.735033158047
"int_per_vid",-22260.1860193173,99.5581736715034
"me_per",-22753.3472005064,97.0538436855244
"me_per_vid",-22259.9770731326,99.5277408234165
"null_per",-25881.6104506635,85.8423197820732
"null_per_vid",-23009.5505992611,100.110040658867
